video_id,title_current,upload_date,duration,view_count,like_count,comment_count,has_captions,description_length,thumbnail_url,upload_year,duration_seconds,authority_score,probable_tier,era,type,primary_anchor,secondary_anchor,canonical_status,notes
lLMMh7aMMMc,Hodočasnici pjevaju Zdravo Kraljice Mira #Međugorje #ZdravoKraljiceMira,2026-05-17,PT33S,7838,674,29,False,389,https://i.ytimg.com/vi/lLMMh7aMMMc/maxresdefault.jpg,2026,33,65,B,,,,,raw,
T3KEYN7_E_Y,Pozdrav iz Macole | Hodočašće ratnika (DAN 06),2026-05-12,PT1M20S,1646,99,10,False,1178,https://i.ytimg.com/vi/T3KEYN7_E_Y/maxresdefault.jpg,2026,80,65,B,,,,,raw,
8wKzx55sFTk,Majko mira moli za nas 🙏🏻✝️🇭🇷Hvaljen Isus i Marija!,2026-05-12,PT44S,14907,459,31,False,0,https://i.ytimg.com/vi/8wKzx55sFTk/sddefault.jpg,2026,44,60,C,,,,,raw,
P0lshsQhP1A,Striče Ivane kod partizanskog spomenika U Metkoviću,2026-05-08,PT1M14S,2884,286,21,False,0,https://i.ytimg.com/vi/P0lshsQhP1A/maxresdefault.jpg,2026,74,60,C,,,,,raw,
pYZPQAfMVc4,A pamćenje naše gori još jače od njihovih KRIJESOVA 🔥🎷🎶 #shorts,2026-05-08,PT24S,5141,261,14,False,0,https://i.ytimg.com/vi/pYZPQAfMVc4/maxresdefault.jpg,2026,24,60,C,,,,,raw,
g4pyno_c67k,Hodočašće ratnika - VLOG (Dan 01) #shorts,2026-05-07,PT1M46S,4588,535,63,False,413,https://i.ytimg.com/vi/g4pyno_c67k/maxresdefault.jpg,2026,106,65,B,,,,,raw,
fAKym-wrwbA,Hodočašće ratnika 🕊️ Zagreb → Međugorje | iZLET — Znakovlje Hrvata #shorts,2026-05-06,PT31S,3921,215,9,False,1672,https://i.ytimg.com/vi/fAKym-wrwbA/maxresdefault.jpg,2026,31,65.0,B,,,,,raw,
1PVKpbWW1Vs,Ivo Fabijan Mrvelj - Kreni Gardo | Braća Kumerle cover,2026-04-25,PT2M36S,1121,124,19,False,2805,https://i.ytimg.com/vi/1PVKpbWW1Vs/maxresdefault.jpg,2026,156,65,B,,,,,raw,
KGnfJ1HZQDk,Za svakog Hrvata koji je daleko od kuće 🇭🇷 #croatia #emotion,2026-04-22,PT52S,37420,681,55,False,426,https://i.ytimg.com/vi/KGnfJ1HZQDk/maxresdefault.jpg,2026,52,65,B,,,,,raw,
YM5dT_yM31Y,Zašto su svi znatiželјni za braćom Kumerle #shorts #trending,2026-04-21,PT1M28S,2767,258,21,False,1452,https://i.ytimg.com/vi/YM5dT_yM31Y/maxresdefault.jpg,2026,88,65,B,,,,,raw,
kT1r0LrGC5I,Dragi Hrvati sretan vam Deseti travanj! ♥️🇭🇷🥂,2026-04-10,PT19S,33556,713,40,False,559,https://i.ytimg.com/vi/kT1r0LrGC5I/maxresdefault.jpg,2026,19,65,B,,,,,raw,
n_zMVjNfLIM,Braća Kumerle pjevaju himnu HVO-a | 34. obljetnica osnutka HVO-a! 🇭🇷,2026-04-08,PT21S,13633,476,31,False,493,https://i.ytimg.com/vi/n_zMVjNfLIM/maxresdefault.jpg,2026,21,65,B,,,,,raw,
LryxvBJBUuU,Braća Kumerle - 'Majčin skut' live u Podcast Velebit,2026-04-06,PT4M46S,355,38,6,False,1778,https://i.ytimg.com/vi/LryxvBJBUuU/maxresdefault.jpg,2026,286,61.9,C,,,,,raw,
67nFIHWm7LM,iZLET - Glazba koja spaja vjeru i emocije #rock #duhovnost #vjera,2026-03-25,PT15S,8147,230,19,False,315,https://i.ytimg.com/vi/67nFIHWm7LM/maxresdefault.jpg,2026,15,65,B,,,,,raw,
Ed1OlcsmKKM,Grobnica od zlata - što se krije iza simbola 🇭🇷 #shorts,2026-02-16,PT28S,58207,741,78,False,447,https://i.ytimg.com/vi/Ed1OlcsmKKM/maxresdefault.jpg,2026,28,65,B,,,,,raw,
LZ34ypDnMu4,VLOG 4 Braća Kumerle: Ako ne znaš šta je bilo! 🇭🇷🙋🏻‍♂️🖤 #HRVATSKA,2026-02-03,PT4M54S,503,76,14,False,1751,https://i.ytimg.com/vi/LZ34ypDnMu4/maxresdefault.jpg,2026,294,65,B,,,,,raw,
Pi3-Lw2-K4U,VLOG 3: Šta nam mogu dušmani? Ništa! 🇭🇷 Ravnoteža Thomspona | Rukometni Heroji & Braća Kumerle,2026-02-03,PT31S,19266,979,33,False,1170,https://i.ytimg.com/vi/Pi3-Lw2-K4U/maxresdefault.jpg,2026,31,65,B,,,,,raw,
3KJsVqzwRWk,VLOG 2: Moja zemlja Hrvatska ❤🇭🇷 #HRVATSKA,2026-02-03,PT25S,23681,767,28,False,1129,https://i.ytimg.com/vi/3KJsVqzwRWk/maxresdefault.jpg,2026,25,65,B,,,,,raw,
zRF8mLgV_qc,VLOG 1: Pobjeda I Zabava U Srcu Hrvatske! 🎊🇭🇷 #ZAGREB,2026-02-03,PT12S,43004,773,37,False,1279,https://i.ytimg.com/vi/zRF8mLgV_qc/maxresdefault.jpg,2026,12,65,B,,,,,raw,
bppfSqljrHg,Ulični nastup koji je završio na nacionalnoj televiziji 📺 #otvoreni #hrt #aktivizam,2026-01-17,PT16S,7040,317,16,False,2527,https://i.ytimg.com/vi/bppfSqljrHg/maxresdefault.jpg,2026,16,65,B,,,,,raw,
I09KaIV5HXk,Ovo je poruka koju svi mladi trebaju čuti 🇭🇷✝️ #hrvatski,2026-01-14,PT19S,9359,387,18,False,1002,https://i.ytimg.com/vi/I09KaIV5HXk/maxresdefault.jpg,2026,19,65,B,,,,,raw,
_jUXsiMeyiM,Braća Kumerle – Ivo Mrvelj | HRT Otvoreno,2025-12-30,PT32S,130624,1336,80,False,671,https://i.ytimg.com/vi/_jUXsiMeyiM/sddefault.jpg,2025,32,65,B,,,,,raw,
Qv5iLfakstE,Ovo je ona minuta prije ludnice – Arena Zagreb u mraku čeka #thompsonconcert,2025-12-28,PT30S,52099,1344,73,False,700,https://i.ytimg.com/vi/Qv5iLfakstE/maxresdefault.jpg,2025,30,65,B,,,,,raw,
NaScwMlnNQg,Kad zapjevam Strica Ivana partija mi sudi! #hrvatska #thompson #zagreb,2025-12-27,PT49S,38373,1016,42,False,0,https://i.ytimg.com/vi/NaScwMlnNQg/maxresdefault.jpg,2025,49,60,C,,,,,raw,
-S2B0VGQg7A,Braća Kumerle – Striče Igore Zrinja! 🇭🇷 #Zagreb,2025-12-21,PT28S,148453,1546,75,False,623,https://i.ytimg.com/vi/-S2B0VGQg7A/maxresdefault.jpg,2025,28,65,B,,,,,raw,
WxqNc6tXmQI,Mislili su neki! 🇭🇷🖤 #hrvatska #shorts #fyp,2025-12-20,PT21S,26448,877,40,False,0,https://i.ytimg.com/vi/WxqNc6tXmQI/sddefault.jpg,2025,21,60,C,,,,,raw,
nqqGF71rwSQ,Sanjam Kupres - Cesta prema Kupresu 🇭🇷 | Hercegovina Nostalgija,2025-12-05,PT16S,21272,373,13,False,1935,https://i.ytimg.com/vi/nqqGF71rwSQ/sddefault.jpg,2025,16,65,B,,,,,raw,
3wsqpwuWEMM,"Braća Kumerle – Striče Ivane | Uživo @ Korzo, Rijeka",2025-11-30,PT21S,124294,1780,81,False,619,https://i.ytimg.com/vi/3wsqpwuWEMM/maxresdefault.jpg,2025,21,65,B,,,,,raw,
zOVPy32dfIg,Striče Ivane – Braća Kumerle | Live @ Trg bana Jelačića,2025-11-30,PT13S,349113,2219,80,False,845,https://i.ytimg.com/vi/zOVPy32dfIg/maxresdefault.jpg,2025,13,65,B,,,,,raw,
0JVnfLocwFE,Nezavisna Država - Prvi Put na Rivi UŽIVO 🇭🇷 | Braća Kumerle Split,2025-11-27,PT2M32S,38062,1114,205,False,2198,https://i.ytimg.com/vi/0JVnfLocwFE/maxresdefault.jpg,2025,152,65,B,,,,,raw,
npMipRAT_9s,Thompson - Ne Varaj Me 💔 | Braća Kumerle Cover 🇭🇷,2025-11-24,PT1M19S,42853,1080,103,False,2264,https://i.ytimg.com/vi/npMipRAT_9s/sddefault.jpg,2025,79,65,B,,,,,raw,
ZnBhOdwZTWg,Kralj Tomislav - Thompson Cover LIVE Split Riva 🇭🇷⚔️ | Braća Kumerle,2025-11-22,PT17S,58550,891,49,False,1562,https://i.ytimg.com/vi/ZnBhOdwZTWg/sddefault.jpg,2025,17,65,B,,,,,raw,
n-5LRoDH3rM,Mi Smo Vjerni Domovini 💙 HVO Himna Uživo,2025-11-20,PT1M27S,27645,887,78,False,1570,https://i.ytimg.com/vi/n-5LRoDH3rM/sddefault.jpg,2025,87,65,B,,,,,raw,
S04QjTS23KU,Striče Ivane - Prva Izvedba IKAD na Trgu Bana Jelačića 🇭🇷🔥 | Braća Kumerle,2025-11-15,PT2M42S,73335,2075,243,False,1921,https://i.ytimg.com/vi/S04QjTS23KU/sddefault.jpg,2025,162,65,B,,,,,raw,
EXwZNokbCvs,Ovo je pravi Zagreb koji ne vidiš u turističkim vodiču #locallife #real #fyp,2025-11-15,PT15S,16320,542,24,False,623,https://i.ytimg.com/vi/EXwZNokbCvs/maxresdefault.jpg,2025,15,65,B,,,,,raw,
_8gaqROsmvU,Vratite se prognani U svoj DOM 🇭🇷 | Braća Kumerle - Splitska Riva,2025-11-13,PT19S,124709,1513,48,False,0,https://i.ytimg.com/vi/_8gaqROsmvU/sddefault.jpg,2025,19,60,C,,,,,raw,
HiRoEUn42L0,THOMPSON: Ako ne znaš šta je bilo - RIVA GORI! 🔥 (Braća Kumerle),2025-11-12,PT2M,5539,220,44,False,1659,https://i.ytimg.com/vi/HiRoEUn42L0/maxresdefault.jpg,2025,120,65,B,,,,,raw,
0z3kNr5bITg,Znakovlje Hrvata LIVE Split Riva - Domoljubna Himna Koja Ujedinjuje Hrvate 🇭🇷 | Braća Kumerle iZLET,2025-11-10,PT1M52S,12585,368,97,False,2191,https://i.ytimg.com/vi/0z3kNr5bITg/maxresdefault.jpg,2025,112,65,B,,,,,raw,
fhTIwiJGbyA,124 Brigada - Heroji Koji Su Branili Hrvatsku 🇭🇷 | Domovinski Rat,2025-11-07,PT15S,23052,474,35,False,510,https://i.ytimg.com/vi/fhTIwiJGbyA/sddefault.jpg,2025,15,65,B,,,,,raw,
dcqmHVzYg6A,Hey Brother - Emotivni Akustični Cover 💔 | Avicii Tribute Braća Kumerle,2025-10-30,PT57S,4207,66,3,False,921,https://i.ytimg.com/vi/dcqmHVzYg6A/sddefault.jpg,2025,57,57.04,C,,,,,raw,
mNgJvvb8kEw,Hrvatska Je Tvoja - Nikom Ne Daj Nju 🇭🇷 | Thompson Cover | Braća Kumerle,2025-10-30,PT15S,59411,800,47,False,1550,https://i.ytimg.com/vi/mNgJvvb8kEw/sddefault.jpg,2025,15,65,B,,,,,raw,
JIiYUrCzhjE,Što Te Škola Nije Naučila O Hrvatskoj 🇭🇷,2025-10-27,PT24S,5067,85,5,False,1296,https://i.ytimg.com/vi/JIiYUrCzhjE/sddefault.jpg,2025,24,60.56,C,,,,,raw,
uZq_1k61gME,Pave Vukelić Pajo Domovinski Rat - Svaku Stopu Hrvatske 🇭🇷,2025-10-27,PT18S,231249,2442,101,False,1350,https://i.ytimg.com/vi/uZq_1k61gME/maxresdefault.jpg,2025,18,65,B,,,,,raw,
x0RotC8hnME,"Pitanja su opasna, al' ISTINA će doći!",2025-10-20,PT22S,4240,101,5,False,828,https://i.ytimg.com/vi/x0RotC8hnME/maxresdefault.jpg,2025,22,60.56,C,,,,,raw,
98AqzciLIt4,Goli Otok - Kako Su Hrvate Zatvarali Za Domoljubne Pjesme 🇭🇷⛓️,2025-10-16,PT42S,2909,56,12,False,525,https://i.ytimg.com/vi/98AqzciLIt4/maxresdefault.jpg,2025,42,65,B,,,,,raw,
5m7h1jzfM04,Nova Zora Nama Rudi - Moćna Koračnica Hrvatskih Branitelja 🇭🇷⚔️ | Braća Kumerle,2025-10-10,PT34S,10287,182,6,False,604,https://i.ytimg.com/vi/5m7h1jzfM04/sddefault.jpg,2025,34,61.9,C,,,,,raw,
8gyj7YRXQ7E,Kralj Tomislav - Himna O Prvom Hrvatskom Kralju 👑🇭🇷,2025-10-04,PT29S,83496,1413,90,False,1860,https://i.ytimg.com/vi/8gyj7YRXQ7E/maxresdefault.jpg,2025,29,65,B,,,,,raw,
V8Jw0Letyyo,Čast poštenje i čisti obraz | iZLET braća Kumerle,2025-10-02,PT2M3S,3580,70,4,False,765,https://i.ytimg.com/vi/V8Jw0Letyyo/maxresdefault.jpg,2025,123,58.98,C,,,,,raw,
f5GlQJPSWtM,HVO Nas Vodi - Moćna Domoljubna Himna Mostar 🇭🇷,2025-09-28,PT23S,13231,254,11,False,1476,https://i.ytimg.com/vi/f5GlQJPSWtM/maxresdefault.jpg,2025,23,65,B,,,,,raw,
l4g11KCitN0,Striče Ivane | braća Kumerle LIVE @ NK Špansko,2025-09-27,PT1M12S,6703,209,17,False,823,https://i.ytimg.com/vi/l4g11KCitN0/sddefault.jpg,2025,72,65,B,,,,,raw,
w_m9reBjiWk,Srce na cesti | Braća Kumerle @ NK Špansko,2025-09-27,PT1M4S,2685,52,5,False,704,https://i.ytimg.com/vi/w_m9reBjiWk/sddefault.jpg,2025,64,60.56,C,,,,,raw,
eB2lRefVKCg,"Premijera ""Diva"" U Tomislavgradu#tomislavgrad #duvno #hercegovina #hrvatska #fyp",2025-09-19,PT14S,7863,151,10,False,707,https://i.ytimg.com/vi/eB2lRefVKCg/maxresdefault.jpg,2025,14,65,B,,,,,raw,
sOKHu9zUoAE,Gdje sam bio? #hrvatska #fyp #zagreb,2025-09-15,PT55S,3423,96,4,False,704,https://i.ytimg.com/vi/sOKHu9zUoAE/sddefault.jpg,2025,55,58.98,C,,,,,raw,
lugj2wdXPBk,Hrvatsko zajedništvo! #hrvatska #posusje #hercegovina,2025-09-15,PT43S,3485,93,4,False,806,https://i.ytimg.com/vi/lugj2wdXPBk/maxresdefault.jpg,2025,43,58.98,C,,,,,raw,
j-_-WfKcuYs,Bijeli Križ Bile - Opomena Koja Ne Smije Biti Zaboravljena 🕊️🇭🇷 | Thompson,2025-09-14,PT15S,112236,1630,35,False,580,https://i.ytimg.com/vi/j-_-WfKcuYs/sddefault.jpg,2025,15,65,B,,,,,raw,
IiCkXiFkhdE,Bile Hercegovina - 50.000 Križeva Za Nezaboravljene Heroje 🕊️🇭🇷,2025-09-14,PT15S,15530,250,14,False,1584,https://i.ytimg.com/vi/IiCkXiFkhdE/sddefault.jpg,2025,15,65,B,,,,,raw,
H1N0U0MKr5w,MORA BITI HRVATSKI MORA BITI ZRINJSKI #hrvatska #hercegovina #mostar #zrinjski #fyp,2025-09-13,PT29S,4278,71,8,False,797,https://i.ytimg.com/vi/H1N0U0MKr5w/maxresdefault.jpg,2025,29,64.08,C,,,,,raw,
8UJ1xPBVtiQ,iZLET u Ljubuški - Postrojba je meni sve #fyp #hrvatska #hercegovina #ljubuski,2025-09-10,PT47S,3379,56,2,False,808,https://i.ytimg.com/vi/8UJ1xPBVtiQ/sddefault.jpg,2025,47,54.54,C,,,,,raw,
fEvehiE_Guo,iZLET U Grude - Znakovlje Hrvata#fyp #hrvatska #hercegovina #grude,2025-09-09,PT49S,3977,66,10,False,685,https://i.ytimg.com/vi/fEvehiE_Guo/maxresdefault.jpg,2025,49,65,B,,,,,raw,
UkH_QsSmK5s,Neće Pasti Srednja Bosna - Moćna Domoljubna Himna HVO 🇭🇷⚔️ | Braća Kumerle,2025-08-12,PT16S,19832,314,61,False,1917,https://i.ytimg.com/vi/UkH_QsSmK5s/sddefault.jpg,2025,16,65,B,,,,,raw,
xBe2DxeEJFA,Pjevaj sokole pjesmu pobjede!#hrvatska #fyp #sinj #markoperkovicthompson #mpt #europe #ravnoteža,2025-08-10,PT17S,3687,98,3,False,735,https://i.ytimg.com/vi/xBe2DxeEJFA/maxresdefault.jpg,2025,17,57.04,C,,,,,raw,
M87ZUutXtzM,Ne boj se - ovo je Ravnoteža #fyp #hrvatska #rock,2025-08-08,PT29S,11374,292,11,False,746,https://i.ytimg.com/vi/M87ZUutXtzM/sddefault.jpg,2025,29,65,B,,,,,raw,
-HafWnih0bo,Thompson Hipodrom - Ne Boj Se Rogova Backstage 🔥🇭🇷 | Braća Kumerle,2025-07-03,PT29S,133592,1561,54,False,1677,https://i.ytimg.com/vi/-HafWnih0bo/sddefault.jpg,2025,29,65,C,,,,,raw,
95DeP4Jo1NI,iZLET - Krijesovi laži #hrvatska #zagreb #fyp #shorts,2025-06-22,PT21S,2484,60,0,False,720,https://i.ytimg.com/vi/95DeP4Jo1NI/sddefault.jpg,2025,21,45.0,C,,,,,raw,
gk5AHkbyLVU,iZLET - Krijesovi Laži | OFFICIAL VIDEO,2025-06-22,PT4M7S,13356,545,108,True,4958,https://i.ytimg.com/vi/gk5AHkbyLVU/maxresdefault.jpg,2025,247,75,A,,,,,raw,
1qQR8e0Me4g,KRIJESOVI LAŽI @Crotradwave - Pamćenje naše gori još jače! #hrvatska #fyp #zagreb #shorts,2025-06-12,PT17S,1802,49,1,False,339,https://i.ytimg.com/vi/1qQR8e0Me4g/maxresdefault.jpg,2025,17,51.02,C,,,,,raw,
XzUVGYESyKU,Koja gora Ivo? #hrvatska #croatia #shorts #hercegovina #hercegbosna #hvo #rama Ivan Doktor Anđelić,2025-06-08,PT16S,10965,171,8,False,623,https://i.ytimg.com/vi/XzUVGYESyKU/maxresdefault.jpg,2025,16,64.08,C,,,,,raw,
zNS2qMCRe6s,Domoljubni trenutak koji trese srce #hrvatskiponos #foryou,2025-06-07,PT15S,4648,120,10,False,731,https://i.ytimg.com/vi/zNS2qMCRe6s/maxresdefault.jpg,2025,15,65,C,,,,,raw,
UJKcztNId3Q,33. godišnjica koju Hercegovina ne zaboravlja #herzegbosna #shorts,2025-06-06,PT26S,8244,114,13,False,734,https://i.ytimg.com/vi/UJKcztNId3Q/maxresdefault.jpg,2025,26,65,C,,,,,raw,
rhvX1FWmqEY,13. Svibnja 1990. - Dan koji je promijenio sve 💙🇭🇷 #dinamo #povijest,2025-05-13,PT44S,12642,183,3,False,1299,https://i.ytimg.com/vi/rhvX1FWmqEY/maxresdefault.jpg,2025,44,57.04,C,,,,,raw,
Uwewyw2emqg,Braća Kumerle – Ako ne znaš šta je bilo LIVE Imotski 2025 | Matica Hrvatska | Domoljubna rock pjesma,2025-05-11,PT4M44S,1878,77,15,False,1348,https://i.ytimg.com/vi/Uwewyw2emqg/maxresdefault.jpg,2025,284,65,C,,,,,raw,
TlyDYvqyjzc,"Braća Kumerle – Znakovlje Hrvata (LIVE, Matica Hrvatska Imotski 2025)",2025-05-11,PT2M4S,897,41,11,False,1600,https://i.ytimg.com/vi/TlyDYvqyjzc/maxresdefault.jpg,2025,124,65,C,,,,,raw,
CkHiMqkQdSk,"Braća Kumerle – Frane Tente 🇭🇷 LIVE @ Matica Hrvatska, Imotski, 6.5.2025.",2025-05-11,PT3M58S,1260,46,10,False,1311,https://i.ytimg.com/vi/CkHiMqkQdSk/maxresdefault.jpg,2025,238,65,C,,,,,raw,
mPqDy4PRfQU,"Braća Kumerle – Lijepa naša domovino 🇭🇷 (Matica Hrvatska, Imotski, 6.5.2025.)",2025-05-11,PT2M20S,369,17,4,False,1467,https://i.ytimg.com/vi/mPqDy4PRfQU/maxresdefault.jpg,2025,140,58.98,C,,,,,raw,
7CM1SPPPpH8,"Imotski Sokolovi ZA SVE ONE KOJIH NEMA, Vazda s nama #hrvatska🇭🇷 #imotski #fyp #sokolovi",2025-05-06,PT24S,5802,96,15,False,729,https://i.ytimg.com/vi/7CM1SPPPpH8/maxresdefault.jpg,2025,24,65,C,,,,,raw,
KKBGFRHw418,"Braća Kumerle – Ako ne znaš šta je bilo 🇭🇷 | Domoljubna pjesma uživo (Split, 2025)",2025-05-05,PT4M47S,515,25,6,False,1762,https://i.ytimg.com/vi/KKBGFRHw418/sddefault.jpg,2025,287,61.9,C,,,,,raw,
JxlaB1BZ6O0,"🇭🇷 Braća Kumerle – Znakovlje Hrvata (uživo, Matica Hrvatska Split 2025) | Domoljubna pjesma",2025-05-05,PT1M51S,255,19,11,False,1678,https://i.ytimg.com/vi/JxlaB1BZ6O0/sddefault.jpg,2025,111,65,C,,,,,raw,
JL4bPYCSyGM,"Braća Kumerle – Frane Tente | Hrvatska pamti te 🇭🇷 (LIVE @ Matica Hrvatska, Split 2025)",2025-05-05,PT4M34S,332,22,10,False,2160,https://i.ytimg.com/vi/JL4bPYCSyGM/sddefault.jpg,2025,274,65,C,,,,,raw,
eiGY0X8aF3I,"Braća Kumerle - Znakovlje Hrvata, Kaštel Lukšić 30.4.2025. #hrvatska #fyp #hrvatska🇭🇷 #zagreb #split",2025-05-01,PT1M42S,1099,38,10,False,1132,https://i.ytimg.com/vi/eiGY0X8aF3I/maxresdefault.jpg,2025,102,65,C,,,,,raw,
KzN79Bwybl0,Braća Kumerle – Ako ne znaš šta je bilo | Domoljubna pjesma uživo 🇭🇷 (Kaštel Lukšić 2025),2025-05-01,PT4M39S,444,26,3,False,2078,https://i.ytimg.com/vi/KzN79Bwybl0/sddefault.jpg,2025,279,57.04,C,,,,,raw,
fXSbyF5TO1s,Braća Kumerle - Frane Tente (pjesma o domoljubu) | Kaštel Lukšić 30.4.2025. LIVE 🇭🇷,2025-05-01,PT3M57S,344,23,6,False,2431,https://i.ytimg.com/vi/fXSbyF5TO1s/sddefault.jpg,2025,237,61.9,C,,,,,raw,
nCShQ08m4QU,"Marjane, ća barjak ne viješ?#hrvatska🇭🇷 #fyp #zagreb #split #oluja #cro #1slovo #u #shorts",2025-04-30,PT18S,14854,186,12,False,611,https://i.ytimg.com/vi/nCShQ08m4QU/maxresdefault.jpg,2025,18,65,C,,,,,raw,
cpqf7xFdjCs,"Braća Kumerle - Znakovlje Hrvata (Društveni centar Sesvete, Sesvete, 24.4.2025.)",2025-04-27,PT1M54S,1129,50,5,False,417,https://i.ytimg.com/vi/cpqf7xFdjCs/maxresdefault.jpg,2025,114,60.56,C,,,,,raw,
JPP811Gd6qc,Braća Kumerle - Ako ne znaš šta je bilo | Društveni centar Sesvete 24.4.2025. LIVE 🇭🇷,2025-04-26,PT4M40S,263,18,10,False,2046,https://i.ytimg.com/vi/JPP811Gd6qc/sddefault.jpg,2025,280,65,C,,,,,raw,
clcAfjeKHQI,"Braća Kumerle - Lijepa naša domovino Društveni centar Sesvete, Sesvete, 24.4.2025.",2025-04-25,PT1M54S,1393,42,0,False,423,https://i.ytimg.com/vi/clcAfjeKHQI/maxresdefault.jpg,2025,114,45.0,C,,,,,raw,
hPuyDO1fRaY,Znakovlje Hrvata: Braća Kumerle sa gitarama u akciji #sesvete #viralshorts,2025-04-25,PT54S,2328,69,10,False,774,https://i.ytimg.com/vi/hPuyDO1fRaY/sddefault.jpg,2025,54,65,C,,,,,raw,
HkAPAIPyt0g,"Kiše padaju, polja rađaju, djeca sanjaju... Nije nas ostavio Bog. #hrvatska #sesvete #croatia",2025-04-24,PT16S,12548,136,7,False,829,https://i.ytimg.com/vi/HkAPAIPyt0g/maxresdefault.jpg,2025,16,63.06,C,,,,,raw,
ug1zQKOQAgo,Bog i Hrvati! #fyp #hrvatska #zagreb #croatia #hipodrom #hercegbosna #cro,2025-04-12,PT16S,3369,70,6,False,339,https://i.ytimg.com/vi/ug1zQKOQAgo/maxresdefault.jpg,2025,16,61.9,C,,,,,raw,
NWD7Yuy7F4Q,Ne Varaj Me (Cover) 🎸🇭🇷 | Braća Kumerle,2025-03-30,PT1M19S,2442,181,24,False,1601,https://i.ytimg.com/vi/NWD7Yuy7F4Q/maxresdefault.jpg,2025,79,65,C,,,,,raw,
ongmp4ukpO8,Zagrebu vjerni Hrvatskoj odanj!#hrvatska #croatia #fyp #music #zagreb #hercegovina #shorts,2025-03-24,PT31S,8161,253,3,False,707,https://i.ytimg.com/vi/ongmp4ukpO8/maxresdefault.jpg,2025,31,57.04,C,,,,,raw,
OwEUWi9tAag,"Braća Kumerle - Ako ne znaš šta je bilo | HKD Napredak, Zagreb 19.3.2025. LIVE 🇭🇷",2025-03-24,PT4M40S,387,33,7,False,2024,https://i.ytimg.com/vi/OwEUWi9tAag/sddefault.jpg,2025,280,63.06,C,,,,,raw,
wNV81eACo74,"Braća Kumerle - Lijepa naša domovino (Hrvatsko kulturno društvo Napredak, Zagreb, 19.3.2025.)",2025-03-23,PT2M3S,965,44,0,False,897,https://i.ytimg.com/vi/wNV81eACo74/sddefault.jpg,2025,123,45.0,C,,,,,raw,
p0rajJ_DghQ,"Braća Kumerle - Frane Tente | Pjesma o domoljubu | HKD Napredak, Zagreb 19.3.2025. LIVE 🇭🇷",2025-03-22,PT3M56S,294,26,5,False,2355,https://i.ytimg.com/vi/p0rajJ_DghQ/sddefault.jpg,2025,236,60.56,C,,,,,raw,
pwUEL73aQ4U,"Braća Kumerle - Čast i čisti obraz Hrvatsko kulturno društvo Napredak, Zagreb, 19.3.2025.",2025-03-21,PT2M37S,1076,48,5,False,1025,https://i.ytimg.com/vi/pwUEL73aQ4U/sddefault.jpg,2025,157,60.56,C,,,,,raw,
QliZYvmIiLo,Osjeti atmosferu – iza kulisa Braće Kumerle #hercegovina #shorts,2025-03-20,PT14S,1802,30,2,False,671,https://i.ytimg.com/vi/QliZYvmIiLo/maxresdefault.jpg,2025,14,54.54,C,,,,,raw,
QbMvUP57U0A,Hrvatski križari ✝️ #hrvatska #shorts  #hercegovina #hercegbosna,2025-03-16,PT36S,4771,158,3,False,405,https://i.ytimg.com/vi/QbMvUP57U0A/maxresdefault.jpg,2025,36,57.04,C,,,,,raw,
o9clAuSdrTM,STOŽERA! Zov planine pod hrvatskom zastavom 🇭🇷 #shorts,2025-01-28,PT24S,2220,90,3,False,712,https://i.ytimg.com/vi/o9clAuSdrTM/maxresdefault.jpg,2025,24,57.04,C,,,,,raw,
OxFpTKzKjLA,🔥 La Amour Toujours Remix – Gigi D’Agostino by Braća Kumerle 🇭🇷 #shorts,2025-01-16,PT44S,1153,50,4,False,705,https://i.ytimg.com/vi/OxFpTKzKjLA/sddefault.jpg,2025,44,58.98,C,,,,,raw,
z-d9kpyPg2I,HVO nas vodi! #shorts #hrvatska,2024-12-27,PT1M,2596,113,16,False,622,https://i.ytimg.com/vi/z-d9kpyPg2I/maxresdefault.jpg,2024,60,65,C,,,,,raw,
AlnROEkOiyU,Postrojba je meni sve — Ludvig Pavlović (Čapljina) 🇭🇷 #shorts,2024-12-16,PT24S,2048,105,10,False,792,https://i.ytimg.com/vi/AlnROEkOiyU/maxresdefault.jpg,2024,24,65,C,,,,,raw,
LieYqy3N2mg,Thompson x Braća Kumerle - Čavoglave LIVE Hipodrom 🔥🇭🇷,2024-12-13,PT42S,55022,1349,45,False,907,https://i.ytimg.com/vi/LieYqy3N2mg/sddefault.jpg,2024,42,65,C,,,,,raw,
Sdf4FHGYqy0,Čavoglave solo – Thompson live #braćakumerle #shorts 🇭🇷,2024-12-08,PT41S,1247,56,0,False,672,https://i.ytimg.com/vi/Sdf4FHGYqy0/maxresdefault.jpg,2024,41,45.0,C,,,,,raw,
6JKQ2dUaADs,iZLET - U svijetu bajki | OFFICIAL VIDEO,2024-11-25,PT4M21S,339,17,1,False,425,https://i.ytimg.com/vi/6JKQ2dUaADs/maxresdefault.jpg,2024,261,51.02,C,,,,,raw,
aCgUlI4lDr0,Da ja nisam dolazio džaba – Braća Kumerle u radnim mandurama 🔥 #shorts #hrvatska,2024-11-09,PT17S,1980,67,11,False,681,https://i.ytimg.com/vi/aCgUlI4lDr0/maxresdefault.jpg,2024,17,65,C,,,,,raw,
s21PRbXZTME,"O Hrvatske majke što ste propatile, suze Vaše nisu uzaludne bile! #hrvatska #shorts",2024-10-14,PT43S,1428,69,6,False,742,https://i.ytimg.com/vi/s21PRbXZTME/maxresdefault.jpg,2024,43,61.9,C,,,,,raw,
qjs8RLEHJAM,"Braća Kumerle - Lijepa naša domovino (Društvo Hrvatskih književnika, Zagreb, 7. listopada 2024.)",2024-10-10,PT2M4S,331,20,4,False,1460,https://i.ytimg.com/vi/qjs8RLEHJAM/sddefault.jpg,2024,124,58.98,C,,,,,raw,
b0Bif-cR0mU,"Braća Kumerle - Vilo Velebita | DHK Zagreb, 7.10.2024. LIVE 🇭🇷",2024-10-09,PT3M13S,1226,37,9,False,1870,https://i.ytimg.com/vi/b0Bif-cR0mU/sddefault.jpg,2024,193,65.0,C,,,,,raw,
kP1ZoaZoIl0,"Braća Kumerle - Rodila me majka Hrvatica | DHK Zagreb, 7.10.2024. LIVE 🇭🇷",2024-10-08,PT3M45S,807,67,12,False,1450,https://i.ytimg.com/vi/kP1ZoaZoIl0/sddefault.jpg,2024,225,65,C,,,,,raw,
reoBaXn5bS0,Mene moja naučila mati 🇭🇷 | Vilo Velebita – Braća Kumerle #shorts #hrvatska,2024-10-07,PT16S,110188,1797,98,False,949,https://i.ytimg.com/vi/reoBaXn5bS0/sddefault.jpg,2024,16,65,C,,,,,raw,
ziMMzpBfSNo,Gradit ćemo zajedno ljepši novi DOM 🇭🇷 | Hiltice + Braća Kumerle #shorts,2024-10-06,PT13S,2869,68,1,False,795,https://i.ytimg.com/vi/ziMMzpBfSNo/maxresdefault.jpg,2024,13,51.02,C,,,,,raw,
Y-n0aeBZcHs,SVOJ NAROD HRVAT LJUBI – isječak himne iz DHK #shorts 🇭🇷,2024-09-24,PT16S,1269,33,1,False,773,https://i.ytimg.com/vi/Y-n0aeBZcHs/maxresdefault.jpg,2024,16,51.02,C,,,,,raw,
UutzrUu7DsE,"Bože čuvaj Hrvatsku - Petar Kumerle (Društvo hrvatskih književnika, Zagreb, 18.6.2024.) #shorts",2024-09-24,PT27S,1710,62,6,False,813,https://i.ytimg.com/vi/UutzrUu7DsE/maxresdefault.jpg,2024,27,61.9,C,,,,,raw,
XjxpRZaWCgQ,ZEMLJA DIDE MOG - Braća Kumerle | iZLET,2024-08-26,PT3M24S,662,50,12,False,813,https://i.ytimg.com/vi/XjxpRZaWCgQ/maxresdefault.jpg,2024,204,65,C,,,,,raw,
mgXu_i6Aemo,Vraćam se Zagrebe tebi - Braća Kumerle | iZLET,2024-08-22,PT3M7S,659,38,6,False,809,https://i.ytimg.com/vi/mgXu_i6Aemo/maxresdefault.jpg,2024,187,61.9,C,,,,,raw,
EWziHN3oFk0,"Rajska Djevo, kraljice Hrvata - Braća Kumerle | iZLET",2024-08-14,PT2M18S,1882,127,30,False,1081,https://i.ytimg.com/vi/EWziHN3oFk0/maxresdefault.jpg,2024,138,65,C,,,,,raw,
IwSwfLdVwEM,iZLET - Igraj Donna | OFFICIAL VIDEO,2024-08-05,PT3M18S,1351,26,2,False,603,https://i.ytimg.com/vi/IwSwfLdVwEM/sddefault.jpg,2024,198,54.54,C,,,,,raw,
o7Rcmbt9OuI,Braća Kumerle - Moj Kupresu legendo Hrvata | iZLET,2024-07-18,PT4M20S,640,38,10,False,388,https://i.ytimg.com/vi/o7Rcmbt9OuI/sddefault.jpg,2024,260,65,C,,,,,raw,
NKT_6XYqDFA,"Bože čuvaj Hrvatsku - Braća Kumerle (iZLET) | DHK Zagreb, 18.6.2024. LIVE 🇭🇷",2024-06-18,PT3M23S,541,22,6,False,1652,https://i.ytimg.com/vi/NKT_6XYqDFA/sddefault.jpg,2024,203,61.9,C,,,,,raw,
pp3jWW1gad8,"Majčin skut - Braća Kumerle (iZLET) | DHK Zagreb, 18.6.2024. LIVE 🇭🇷",2024-06-18,PT4M40S,190,18,4,False,1247,https://i.ytimg.com/vi/pp3jWW1gad8/sddefault.jpg,2024,280,58.98,C,,,,,raw,
CkKXdThtfnU,"Lijepa naša domovino - Braća Kumerle (iZLET) | DHK Zagreb, 18.6.2024. LIVE 🇭🇷",2024-06-18,PT2M2S,418,37,3,False,1277,https://i.ytimg.com/vi/CkKXdThtfnU/sddefault.jpg,2024,122,57.04,C,,,,,raw,
Lr_3YjBUHrw,Moj Dinamo Premijera - 5000 Navijača u Ciboni 💙⚽ #dinamo,2024-05-18,PT30S,2733,67,2,False,1142,https://i.ytimg.com/vi/Lr_3YjBUHrw/maxresdefault.jpg,2024,30,54.54,C,,,,,raw,
DpNWzdt_0C8,FILM - Idemo kroz život 🎵🎶 (braća Kumerle cover),2024-04-29,PT4M9S,428,20,5,False,450,https://i.ytimg.com/vi/DpNWzdt_0C8/maxresdefault.jpg,2024,249,60.56,C,,,,,raw,
9UEfK9UCgVo,iZLET - Ne žurim (Braća Kumerle @ Podcast Velebit) 9.4.2019.,2024-04-20,PT3M3S,618,27,8,False,509,https://i.ytimg.com/vi/9UEfK9UCgVo/maxresdefault.jpg,2024,183,64.08,C,,,,,raw,
xp-f5vjciCk,iZLET - Moj Dinamo | OFFICIAL VIDEO,2024-03-17,PT2M34S,69445,638,56,True,2791,https://i.ytimg.com/vi/xp-f5vjciCk/maxresdefault.jpg,2024,154,75,A,,,,,raw,
M5VdBtZh2qA,Dubo Remix ⚡ energija koja pokreće! #shorts #hrvatska,2024-02-21,PT25S,672,27,0,False,822,https://i.ytimg.com/vi/M5VdBtZh2qA/maxresdefault.jpg,2024,25,45.0,C,,,,,raw,
58jdX24weGE,iZLET – Božićna idila | OFFICIAL VIDEO,2023-12-22,PT3M49S,1154,59,18,False,2116,https://i.ytimg.com/vi/58jdX24weGE/maxresdefault.jpg,2023,229,65,C,,,,,raw,
CJ2hgubiQo4,Bogdanovci moji 🇭🇷🕊 | HOS-ovac Ivica Jurčan – ratna pjesma iz 1991. #shorts #vukovar,2023-11-07,PT57S,8486,309,14,False,2666,https://i.ytimg.com/vi/CJ2hgubiQo4/maxresdefault.jpg,2023,57,65,C,,,,,raw,
ttn9FCTc3PM,Hrvatske Gerile - Himna Heroja Vukovara 🎖️🇭🇷 | Braća Kumerle,2023-10-29,PT1M,4943,121,4,False,2117,https://i.ytimg.com/vi/ttn9FCTc3PM/maxresdefault.jpg,2023,60,58.98,C,,,,,raw,
o02z8L8gOn0,iZLET - Sjever Uz Odsutne | OFFICIAL VIDEO,2023-10-10,PT2M20S,91624,1091,151,False,3379,https://i.ytimg.com/vi/o02z8L8gOn0/maxresdefault.jpg,2023,140,65,C,,,,,raw,
6btrsbTtJeM,iZLET - Dotepenci,2022-12-10,PT3M27S,937,30,9,False,797,https://i.ytimg.com/vi/6btrsbTtJeM/maxresdefault.jpg,2022,207,65.0,C,,,,,raw,
c50YNCfEveM,iZLET -  Pod ovim nebom | OFFICIAL VIDEO,2022-05-06,PT2M58S,737,44,4,False,420,https://i.ytimg.com/vi/c50YNCfEveM/sddefault.jpg,2022,178,58.98,C,,,,,raw,
CScTvW2KtMI,iZLET - Džomba | OFFICIAL VIDEO,2022-03-26,PT3M6S,260,11,3,False,512,https://i.ytimg.com/vi/CScTvW2KtMI/maxresdefault.jpg,2022,186,57.04,C,,,,,raw,
6m4huc6E1-c,iZLET – Čovjek moli Boga,2022-03-06,PT4M11S,333,18,5,False,2247,https://i.ytimg.com/vi/6m4huc6E1-c/maxresdefault.jpg,2022,251,60.56,C,,,,,raw,
TwXdxN0iMbI,Himna 124. Vukovarska Brigada 🎖️🇭🇷 | Braća Kumerle (Official Video),2021-12-21,PT5M18S,6688,93,9,False,2760,https://i.ytimg.com/vi/TwXdxN0iMbI/maxresdefault.jpg,2021,318,65.0,C,,,,,raw,
ggKfXgO-tqI,iZLET - Hrvatski Trolist,2021-12-04,PT4M23S,2687,106,8,False,401,https://i.ytimg.com/vi/ggKfXgO-tqI/maxresdefault.jpg,2021,263,64.08,C,,,,,raw,
utQwTIvZcxI,Jura Stublić - Gdje sam bio ne pitaj me 🎵🎶 (braća Kumerle cover),2021-09-21,PT3M43S,4872,180,26,False,915,https://i.ytimg.com/vi/utQwTIvZcxI/sddefault.jpg,2021,223,65,C,,,,,raw,
rRNezC9CS2A,Eric Clapton - This Has Gotta Stop (Kumerle Brothers acoustic cover),2021-09-01,PT3M35S,1971,67,10,False,1777,https://i.ytimg.com/vi/rRNezC9CS2A/maxresdefault.jpg,2021,215,65,C,,,,,raw,
hx0FveDZWXw,iZLET - Neka slatko boli (Ljubav liječi sve),2021-07-19,PT4M37S,329,14,2,False,1030,https://i.ytimg.com/vi/hx0FveDZWXw/hqdefault.jpg,2021,277,54.54,C,,,,,raw,
dq4DM5n_q0E,Iron Maiden - Aces high (Instrumental cover by Kumerle brothers) 2021,2021-06-10,PT4M35S,237,14,4,False,546,https://i.ytimg.com/vi/dq4DM5n_q0E/maxresdefault.jpg,2021,275,58.98,C,,,,,raw,
TdmNgEb4Dy8,iZLET - Tvoje je pitanje totalno suvišno,2021-06-04,PT4M33S,276,10,1,False,1039,https://i.ytimg.com/vi/TdmNgEb4Dy8/maxresdefault.jpg,2021,273,51.02,C,,,,,raw,
RIMjp8vhOcE,iZLET - Konji od žada,2021-06-03,PT5M40S,360,16,1,False,1236,https://i.ytimg.com/vi/RIMjp8vhOcE/sddefault.jpg,2021,340,51.02,C,,,,,raw,
0VvUpR_IMIY,iZLET - Doživljaj,2021-06-02,PT3M11S,256,16,3,False,724,https://i.ytimg.com/vi/0VvUpR_IMIY/maxresdefault.jpg,2021,191,57.04,C,,,,,raw,
z8WtJjLURDc,iZLET - Autori nalaze smisao,2021-06-01,PT4M35S,163,11,2,False,938,https://i.ytimg.com/vi/z8WtJjLURDc/maxresdefault.jpg,2021,275,54.54,C,,,,,raw,
l811vDOLeIw,iZLET - Postoji samo jedan Bog,2021-05-30,PT3M8S,450,23,5,True,1108,https://i.ytimg.com/vi/l811vDOLeIw/maxresdefault.jpg,2021,188,70.56,A,,,,,raw,
3gkz1TgqFpU,iZLET - Oltar spasa,2021-05-29,PT5M15S,272,18,3,True,1429,https://i.ytimg.com/vi/3gkz1TgqFpU/sddefault.jpg,2021,315,67.04,B,,,,,raw,
AltC9RZWsd4,iZLET -  Znakovlje Hrvata,2021-04-16,PT3M43S,2561,116,18,True,1549,https://i.ytimg.com/vi/AltC9RZWsd4/sddefault.jpg,2021,223,75,A,,,,,raw,
35VtHrOkcaQ,iZLET - Vitez Jure | Pjesma o XIX. Bojna HOS Vitez Jure Francetić,2021-04-11,PT3M18S,57984,787,68,False,2119,https://i.ytimg.com/vi/35VtHrOkcaQ/maxresdefault.jpg,2021,198,65,C,,,,,raw,
EwO_scny9dc,iZLET - Zašto Šutim | OFFICIAL VIDEO,2021-02-26,PT3M54S,435,20,4,False,1238,https://i.ytimg.com/vi/EwO_scny9dc/sddefault.jpg,2021,234,58.98,C,,,,,raw,
HjTyNUoC7pk,Hvalospjev ljubavi 🎵🎶 (braća Kumerle cover),2021-02-17,PT3M29S,664,29,3,False,1260,https://i.ytimg.com/vi/HjTyNUoC7pk/sddefault.jpg,2021,209,57.04,C,,,,,raw,
WzluO7jci3k,iZLET - Koza u velegradu,2021-02-04,PT3M1S,810,34,5,False,595,https://i.ytimg.com/vi/WzluO7jci3k/maxresdefault.jpg,2021,181,60.56,C,,,,,raw,
-yytBsUO7vg,iZLET - Samo tamo | OFFICIAL VIDEO,2021-01-30,PT3M37S,593,19,5,False,1085,https://i.ytimg.com/vi/-yytBsUO7vg/sddefault.jpg,2021,217,60.56,C,,,,,raw,
SNlx6WMI-pA,iZLET & Ivica Jurčan - Bogdanovačka Kalvarija | OFFICIAL VIDEO,2020-12-13,PT3M31S,5324,89,13,False,2676,https://i.ytimg.com/vi/SNlx6WMI-pA/maxresdefault.jpg,2020,211,65,C,,,,,raw,
mnm1PQdDBCA,iZLET - Tvoja njedra | OFFICIAL VIDEO,2020-07-23,PT5M14S,669,19,3,False,912,https://i.ytimg.com/vi/mnm1PQdDBCA/sddefault.jpg,2020,314,57.04,C,,,,,raw,
sAWssQ-lNtk,iZLET - Frane Tente | Pjesma o domoljubu,2020-05-13,PT5M9S,18244,518,80,False,3836,https://i.ytimg.com/vi/sAWssQ-lNtk/maxresdefault.jpg,2020,309,65,C,,,,,raw,
lrb4J1DOy9g,Ivo Fabijan Mrvelj - Kad Sklopim Oči | Braća Kumerle (iZLET) cover,2020-05-10,PT3M13S,18022,493,77,False,1926,https://i.ytimg.com/vi/lrb4J1DOy9g/sddefault.jpg,2020,193,65,C,,,,,raw,
D3AV6rovdtg,Đani Maršan - Bože čuvaj Hrvatsku 🎵🎶 (braća Kumerle cover),2020-04-12,PT2M49S,1331,57,4,False,819,https://i.ytimg.com/vi/D3AV6rovdtg/sddefault.jpg,2020,169,58.98,C,,,,,raw,
Jp3qagACIrQ,Frane Šiško - Rodila me majka Hrvatica (braća Kumerle cover),2020-04-05,PT3M36S,4289,152,16,False,1642,https://i.ytimg.com/vi/Jp3qagACIrQ/sddefault.jpg,2020,216,65,C,,,,,raw,
AhoDHz_8T3M,Dražen Žanko - Od stoljeća sedmog 🎵🎶 (braća Kumerle cover),2020-03-29,PT3M31S,2101,62,12,False,1751,https://i.ytimg.com/vi/AhoDHz_8T3M/maxresdefault.jpg,2020,211,65,C,,,,,raw,
EVdW9pZ6xck,iZLET - Isuse moj | OFFICIAL VIDEO,2020-03-27,PT4M33S,1594,79,11,False,942,https://i.ytimg.com/vi/EVdW9pZ6xck/sddefault.jpg,2020,273,65,C,,,,,raw,
96kmdxOyeL4,Bojna Čavoglave Cover - Glazbeni Odgovor na Pokušaje Zabrane 🇭🇷 | Braća Kumerle,2020-03-22,PT4M41S,18431,573,76,False,4968,https://i.ytimg.com/vi/96kmdxOyeL4/maxresdefault.jpg,2020,281,65,C,,,,,raw,
Bb1gP-nI_iI,iZLET - Tko si ti | OFFICIAL VIDEO,2020-03-18,PT3M41S,203,12,0,False,451,https://i.ytimg.com/vi/Bb1gP-nI_iI/sddefault.jpg,2020,221,45.0,C,,,,,raw,
WQKBBdlfxQU,Vilo Velebita 🎵🎶 (braća Kumerle cover),2020-03-08,PT2M42S,2860,135,11,False,946,https://i.ytimg.com/vi/WQKBBdlfxQU/sddefault.jpg,2020,162,65,C,,,,,raw,
Rj6nTT66lsY,iZLET - Osmijeh je bitan | OFFICIAL VIDEO,2020-03-04,PT3M11S,275,10,0,False,453,https://i.ytimg.com/vi/Rj6nTT66lsY/hqdefault.jpg,2020,191,45.0,C,,,,,raw,
0EoiPvI0pqI,"Marjane, Marjane 🎵🎶 (braća Kumerle cover)",2020-03-01,PT2M28S,2679,95,10,False,1331,https://i.ytimg.com/vi/0EoiPvI0pqI/maxresdefault.jpg,2020,148,65,C,,,,,raw,
-2RvRfpKVqM,Toni Ćavar - Hercegovci širom svijeta 🎵🎶 (braća Kumerle cover),2020-02-23,PT3M49S,2002,67,13,False,818,https://i.ytimg.com/vi/-2RvRfpKVqM/sddefault.jpg,2020,229,65,C,,,,,raw,
K90ntS9oIEM,iZLET - Čast | OFFICIAL VIDEO,2019-11-10,PT4M8S,4915,105,20,True,1762,https://i.ytimg.com/vi/K90ntS9oIEM/maxresdefault.jpg,2019,248,75,A,,,,,raw,
VkML3HTQIsA,Samo reci riječ 🎵🎶 (braća Kumerle cover),2019-09-30,PT4M19S,591,33,5,False,961,https://i.ytimg.com/vi/VkML3HTQIsA/maxresdefault.jpg,2019,259,60.56,C,,,,,raw,
GCW4uYcJTbs,Nezavisna Država Hrvatska 🇭🇷 ft. Tomislav Lučić (Veteran & BBB Legenda) | Braća Kumerle,2019-09-13,PT2M37S,33494,922,124,False,2971,https://i.ytimg.com/vi/GCW4uYcJTbs/maxresdefault.jpg,2019,157,65,C,,,,,raw,
WCFpIPXpXJc,Ivo Fabijan Mrvelj - Pjesma o Grgi 🎵🎶 (braća Kumerle cover),2019-09-02,PT3M38S,36068,621,89,False,1652,https://i.ytimg.com/vi/WCFpIPXpXJc/maxresdefault.jpg,2019,218,65,C,,,,,raw,
1gPfgO3daPk,"iZLET - Čast [album Katarza, 2019.]",2019-08-23,PT4M8S,1193,25,1,True,829,https://i.ytimg.com/vi/1gPfgO3daPk/maxresdefault.jpg,2019,248,61.02,C,,,,,raw,
u_V9dF2kqv0,"iZLET - U svijetu bajki [album Katarza, 2019.]",2019-08-23,PT4M21S,472,13,0,False,430,https://i.ytimg.com/vi/u_V9dF2kqv0/maxresdefault.jpg,2019,261,45.0,C,,,,,raw,
qED4w7e6b_8,"iZLET - Uredi se [album Katarza, 2019.]",2019-08-23,PT2M32S,429,6,1,False,430,https://i.ytimg.com/vi/qED4w7e6b_8/maxresdefault.jpg,2019,152,48.7,C,,,,,raw,
1PbmjHqVu-s,"iZLET - Tko si ti [album Katarza, 2019.]",2019-08-23,PT3M42S,339,8,0,False,430,https://i.ytimg.com/vi/1PbmjHqVu-s/maxresdefault.jpg,2019,222,44.31,C,,,,,raw,
doTeB1CQGEE,"iZLET - Urota duhova [album Katarza, 2019.]",2019-08-23,PT4M8S,948,23,2,False,1078,https://i.ytimg.com/vi/doTeB1CQGEE/maxresdefault.jpg,2019,248,54.54,C,,,,,raw,
v8CPTyqaWQ0,"iZLET - Oceana [album Katarza, 2019.]",2019-08-23,PT4M1S,238,6,0,False,430,https://i.ytimg.com/vi/v8CPTyqaWQ0/maxresdefault.jpg,2019,241,42.68,C,,,,,raw,
xTKPFeNEtl4,"iZLET - Siluete [album Katarza, 2019.]",2019-08-23,PT2M25S,207,3,0,False,430,https://i.ytimg.com/vi/xTKPFeNEtl4/maxresdefault.jpg,2019,145,39.03,C,,,,,raw,
QKr3uo8vIe8,"iZLET - Zaklopi moje oči [album Katarza, 2019.]",2019-08-23,PT3M40S,390,6,1,False,958,https://i.ytimg.com/vi/QKr3uo8vIe8/maxresdefault.jpg,2019,220,48.7,C,,,,,raw,
VTkmEP4YEw8,"iZLET - Zašto šutim [album Katarza, 2019.]",2019-08-23,PT3M57S,248,6,0,False,430,https://i.ytimg.com/vi/VTkmEP4YEw8/maxresdefault.jpg,2019,237,42.68,C,,,,,raw,
isEGgQ8Eyic,"iZLET - Čaroban otok [album Katarza, 2019.]",2019-08-23,PT2M43S,278,8,0,False,430,https://i.ytimg.com/vi/isEGgQ8Eyic/maxresdefault.jpg,2019,163,44.31,C,,,,,raw,
wE5qzHgG10I,"iZLET - Poslije svega [album Katarza, 2019.]",2019-08-23,PT2M53S,313,6,3,False,430,https://i.ytimg.com/vi/wE5qzHgG10I/maxresdefault.jpg,2019,173,54.72,C,,,,,raw,
KbjXcqMWfgg,"iZLET - Princeza Tea [album Katarza, 2019.]",2019-08-23,PT3M53S,268,6,0,False,430,https://i.ytimg.com/vi/KbjXcqMWfgg/maxresdefault.jpg,2019,233,42.68,C,,,,,raw,
KfdFt9k58uU,"iZLET - Ponekad [album Katarza, 2019.]",2019-08-23,PT2M41S,218,3,1,False,430,https://i.ytimg.com/vi/KfdFt9k58uU/maxresdefault.jpg,2019,161,45.05,C,,,,,raw,
GJdfwimiOsQ,"iZLET - Kokosovo mlijeko [album Katarza, 2019.]",2019-08-23,PT3M28S,297,6,1,False,430,https://i.ytimg.com/vi/GJdfwimiOsQ/maxresdefault.jpg,2019,208,48.7,C,,,,,raw,
Axscpf6ak7I,"iZLET - Osmijeh je bitan [album Katarza, 2019.]",2019-08-23,PT3M10S,391,10,0,False,430,https://i.ytimg.com/vi/Axscpf6ak7I/maxresdefault.jpg,2019,190,45.0,C,,,,,raw,
ARk01HV2ic8,iZLET - Hrabrost,2019-08-10,PT3M32S,481,33,4,False,987,https://i.ytimg.com/vi/ARk01HV2ic8/sddefault.jpg,2019,212,58.98,C,,,,,raw,
xPdDBJqwF0M,Harambašić/Vilhar - Starčevićeva himna (braća Kumerle),2019-07-27,PT3M37S,1154,47,2,False,518,https://i.ytimg.com/vi/xPdDBJqwF0M/sddefault.jpg,2019,217,54.54,C,,,,,raw,
maMhdXJuvXo,Oliver Dragojević - Trag u beskraju 🎵🎶 (braća Kumerle cover),2019-07-12,PT4M16S,1095,38,1,False,1597,https://i.ytimg.com/vi/maMhdXJuvXo/sddefault.jpg,2019,256,51.02,C,,,,,raw,
xdgom7QItq8,"Braća Kumerle (iZLET) u ŽIVO ""Svjetski dan glazbe"" Cvjetni trg, Zagreb, 21.6.2019.",2019-06-22,PT46M14S,266,15,0,False,693,https://i.ytimg.com/vi/xdgom7QItq8/sddefault.jpg,2019,2774,45.0,C,,,,,raw,
H62ko3KrSVs,"Braća Kumerle (iZLET) u ŽIVO ""Nova ploča"", Zagreb 13.4.2019.",2019-04-13,PT17M27S,165,7,0,False,510,https://i.ytimg.com/vi/H62ko3KrSVs/sddefault.jpg,2019,1047,43.55,C,,,,,raw,
QeNd7IbWGRY,Braća Kumerle feat. Marko Jurič - Gori Oluja,2019-04-10,PT4M10S,2510,103,5,False,1109,https://i.ytimg.com/vi/QeNd7IbWGRY/sddefault.jpg,2019,250,60.56,C,,,,,raw,
nVfcgfJY-n4,Braća Kumerle na Podcast Velebit | Akustični nastup koji će vas oduševiti,2019-04-10,PT21M26S,1018,26,2,False,1024,https://i.ytimg.com/vi/nVfcgfJY-n4/maxresdefault.jpg,2019,1286,54.54,C,,,,,raw,
ZO2TDR8-ds4,"Braća Kumerle (iZLET) u ŽIVO ""Vinyl Bar "", Zagreb 15.3.2019.",2019-03-16,PT31M35S,176,5,1,False,497,https://i.ytimg.com/vi/ZO2TDR8-ds4/sddefault.jpg,2019,1895,47.69,C,,,,,raw,
Hl_FpyiuK4k,"iZLET - Ti si čudesna [album Nikad ne znaš, to je ono..., 2016.]",2019-02-19,PT3M23S,92,5,2,False,430,https://i.ytimg.com/vi/Hl_FpyiuK4k/sddefault.jpg,2019,203,51.21,C,,,,,raw,
i3OD34eJkb0,iZLET - Nema Mjesta | OFFICIAL VIDEO,2019-02-12,PT3M16S,522,22,2,False,3059,https://i.ytimg.com/vi/i3OD34eJkb0/maxresdefault.jpg,2019,196,54.54,C,,,,,raw,
bm_Vg2DuLMI,"Braća Kumerle (iZLET) u ŽIVO ""Let's Rock festival"", Zagreb 9.2.2019.",2019-02-10,PT22M12S,200,6,3,False,500,https://i.ytimg.com/vi/bm_Vg2DuLMI/sddefault.jpg,2019,1332,54.72,C,,,,,raw,
-4KDf_fauUI,Mate Bulić - Domu mom 🎵🎶 (braća Kumerle cover),2018-12-21,PT4M26S,1443,29,5,False,1351,https://i.ytimg.com/vi/-4KDf_fauUI/maxresdefault.jpg,2018,266,68.56,A,,,,,raw,
LW0Om2bBluc,"iZLET - Šoram snjegovića (live @ Aquarius club, Zagreb)",2018-12-10,PT2M59S,95,1,3,False,957,https://i.ytimg.com/vi/LW0Om2bBluc/maxresdefault.jpg,2018,179,54.56,C,,,,,raw,
ei9KOTzdoWg,"Braća Kumerle (iZLET) u ŽIVO ""Imagine festival"" Trg bana Josipa Jelačića, Zagreb 9.12.2018.",2018-12-09,PT7M55S,160,4,3,False,681,https://i.ytimg.com/vi/ei9KOTzdoWg/sddefault.jpg,2018,475,60.53,C,,,,,raw,
NOd5DcwBB-w,iZLET - Obale se tope,2018-11-25,PT3M30S,4372,33,9,False,2720,https://i.ytimg.com/vi/NOd5DcwBB-w/hqdefault.jpg,2018,210,73.0,A,,,,,raw,
2BfSlu5n-A8,"Braća Kumerle (iZLET) u ŽIVO ""Cadillac club Zagreb"" 24.11.2018.",2018-11-25,PT19M50S,230,5,1,False,684,https://i.ytimg.com/vi/2BfSlu5n-A8/sddefault.jpg,2018,1190,55.69,C,,,,,raw,
K9Bc5VXOoGQ,"Braća Kumerle (iZLET) u ŽIVO ""Hard Place"", Zagreb 09.10.2018.",2018-10-10,PT51M38S,64,5,0,False,505,https://i.ytimg.com/vi/K9Bc5VXOoGQ/sddefault.jpg,2018,3098,49.67,C,,,,,raw,
VBHV3DL9kw4,"Braća Kumerle (iZLET) u ŽIVO MK ""Fantomi"", Čazma, 15.9.2018.",2018-09-17,PT58M21S,77,3,0,False,505,https://i.ytimg.com/vi/VBHV3DL9kw4/sddefault.jpg,2018,3501,47.03,C,,,,,raw,
VxrFssBa_Go,"Braća Kumerle (iZLET) u ŽIVO ""South Point - Rock&Ride"", Konavle, 10.8.2018.",2018-08-16,PT37M53S,156,5,0,False,505,https://i.ytimg.com/vi/VxrFssBa_Go/sddefault.jpg,2018,2273,49.67,C,,,,,raw,
AzIAgVPLglo,iZLET - Tužni odlazak | OFFICIAL VIDEO,2018-08-06,PT4M26S,345,9,1,False,1315,https://i.ytimg.com/vi/AzIAgVPLglo/maxresdefault.jpg,2018,266,59.02,C,,,,,raw,
JJ0WY6c-p1Y,"Braća Kumerle (iZLET) u ŽIVO ""Svjetski dan glazbe"" Europski trg, Zagreb, 21.6.2018.",2018-07-08,PT22M51S,67,4,0,False,559,https://i.ytimg.com/vi/JJ0WY6c-p1Y/sddefault.jpg,2018,1371,48.48,C,,,,,raw,
UBVe9a6pg8I,"Braća Kumerle (iZLET) u ŽIVO ""Cadillac club"", Zagreb, 4.5.2018.",2018-05-10,PT3M11S,89,2,1,False,533,https://i.ytimg.com/vi/UBVe9a6pg8I/sddefault.jpg,2018,191,51.18,C,,,,,raw,
lY9kimoSlb0,"Braća Kumerle (iZLET) u ŽIVO ""Route 66"", Zagreb, 6.4.2018.",2018-05-01,PT26M22S,56,2,2,False,505,https://i.ytimg.com/vi/lY9kimoSlb0/sddefault.jpg,2018,1582,54.7,C,,,,,raw,
eCMN02oeO0U,"Braća Kumerle (iZLET)  u ŽIVO ""Jiggy bar"", Zagreb, 26.4.2018.",2018-05-01,PT26M20S,47,4,0,False,505,https://i.ytimg.com/vi/eCMN02oeO0U/sddefault.jpg,2018,1580,48.48,C,,,,,raw,
geFGX-TRLNM,"Braća Kumerle (iZLET) u ŽIVO ""Elektronium Lab"" 30.4.2018.",2018-05-01,PT30M54S,103,2,0,False,505,https://i.ytimg.com/vi/geFGX-TRLNM/sddefault.jpg,2018,1854,45.16,C,,,,,raw,
jTwfvrf9SoM,"iZLET - Pernastica [album Nikad ne znaš, to je ono..., 2016.]",2017-12-19,PT3M30S,324,8,1,False,1363,https://i.ytimg.com/vi/jTwfvrf9SoM/sddefault.jpg,2017,210,58.33,C,,,,,raw,
uYzk4ENyt4E,"iZLET - Dva gemišta [album Nikad ne znaš, to je ono..., 2016.]",2017-12-19,PT2M36S,251,9,2,False,664,https://i.ytimg.com/vi/uYzk4ENyt4E/sddefault.jpg,2017,156,62.54,C,,,,,raw,
xA0FRa4rTBM,"iZLET - Oni spavaju [album Nikad ne znaš, to je ono..., 2016.]",2017-12-19,PT3M43S,132,4,0,False,664,https://i.ytimg.com/vi/xA0FRa4rTBM/sddefault.jpg,2017,223,48.48,C,,,,,raw,
HHNCp38peXg,"iZLET - Svemir [album Nikad ne znaš, to je ono..., 2016.]",2017-12-19,PT3M32S,185,4,0,False,1263,https://i.ytimg.com/vi/HHNCp38peXg/sddefault.jpg,2017,212,48.48,C,,,,,raw,
FbneOhWS86M,"iZLET - Imam [album Nikad ne znaš, to je ono..., 2016.]",2017-12-19,PT3M37S,80,2,0,False,1933,https://i.ytimg.com/vi/FbneOhWS86M/sddefault.jpg,2017,217,45.16,C,,,,,raw,
CIOTzxONSqw,"iZLET - Ne žurim [album Nikad ne znaš, to je ono..., 2016.]",2017-12-19,PT4M28S,231,13,0,False,1957,https://i.ytimg.com/vi/CIOTzxONSqw/sddefault.jpg,2017,268,53.0,C,,,,,raw,
tm5xcd-tEKg,"iZLET - Noćima (Here I Am) [album Nikad ne znaš, to je ono..., 2016.]",2017-12-19,PT5M11S,112,3,0,False,1594,https://i.ytimg.com/vi/tm5xcd-tEKg/sddefault.jpg,2017,311,47.03,C,,,,,raw,
-UapiR1cfhw,"iZLET - Kako da se smijem [album Nikad ne znaš, to je ono..., 2016.]",2017-12-19,PT3M37S,140,2,0,False,1549,https://i.ytimg.com/vi/-UapiR1cfhw/sddefault.jpg,2017,217,45.16,C,,,,,raw,
XXQ-Bdmx7_0,"iZLET - Maša [album Nikad ne znaš, to je ono..., 2016.]",2017-12-19,PT4M24S,151,4,0,False,1291,https://i.ytimg.com/vi/XXQ-Bdmx7_0/sddefault.jpg,2017,264,48.48,C,,,,,raw,
WLSAwgXKFpQ,"iZLET - Topim se i gubim se [album Nikad ne znaš, to je ono..., 2016.]",2017-12-18,PT4M20S,99,1,0,False,1460,https://i.ytimg.com/vi/WLSAwgXKFpQ/maxresdefault.jpg,2017,260,42.52,C,,,,,raw,
3ZGoz2pm8ug,"iZLET - Majčin skut [album Nikad ne znaš, to je ono..., 2016.]",2017-12-18,PT4M43S,219,12,1,False,1365,https://i.ytimg.com/vi/3ZGoz2pm8ug/sddefault.jpg,2017,283,59.02,C,,,,,raw,
HrpRU2tpg2I,"iZLET - Žalo [album Nikad ne znaš, to je ono..., 2016.]",2017-12-18,PT2M40S,195,7,2,False,1441,https://i.ytimg.com/vi/HrpRU2tpg2I/sddefault.jpg,2017,160,61.09,C,,,,,raw,
tlXIQyi9tPk,iZLET - Vlak (Live@Bundek) | Braća Kumerle,2017-12-18,PT3M48S,200,4,0,False,1509,https://i.ytimg.com/vi/tlXIQyi9tPk/maxresdefault.jpg,2017,228,48.48,C,,,,,raw,
570Z7nd9DnM,iZLET - Sadašnji Trenutak | OFFICIAL VIDEO,2017-12-18,PT2M46S,194,5,0,False,1514,https://i.ytimg.com/vi/570Z7nd9DnM/maxresdefault.jpg,2017,166,49.67,C,,,,,raw,
i3kU-6rPVFU,iZLET - Mon Ami Live | Braća Kumerle @ Route 66,2017-12-18,PT5M25S,83,2,1,False,2260,https://i.ytimg.com/vi/i3kU-6rPVFU/maxresdefault.jpg,2017,325,51.18,C,,,,,raw,
4VEgzZOOz0I,iZLET - Himna Veslačkog Kluba Zagreb | Braća Kumerle,2016-12-06,PT2M48S,1576,37,0,False,2047,https://i.ytimg.com/vi/4VEgzZOOz0I/maxresdefault.jpg,2016,168,53.0,C,,,,,raw,
saci9JTd0Kk,iZLET - i Migranti | Završni dio Marjanske Trilogije,2016-08-19,PT4M7S,565,11,3,False,1634,https://i.ytimg.com/vi/saci9JTd0Kk/sddefault.jpg,2016,247,65.04,B,,,,,raw,
vXlovhrX1lI,iZLET - Susjedova vila,2016-08-07,PT4M40S,167,5,3,False,535,https://i.ytimg.com/vi/vXlovhrX1lI/sddefault.jpg,2016,280,61.71,C,,,,,raw,
OXbbZ3siV2o,iZLET - Ćelavi škembići,2016-08-04,PT3M7S,268,10,2,False,535,https://i.ytimg.com/vi/OXbbZ3siV2o/sddefault.jpg,2016,187,62.54,C,,,,,raw,
kreXyG3eH7o,"iZLET - Ne žurim (live @ ČUF 2014, Čačinci)",2014-08-26,PT3M27S,188,5,2,False,522,https://i.ytimg.com/vi/kreXyG3eH7o/sddefault.jpg,2014,207,59.21,C,,,,,raw,
sXMkh_JFJbk,"iZLET - Urota duhova (live @ Route 66, Zagreb)",2014-03-24,PT6M4S,548,7,4,False,1180,https://i.ytimg.com/vi/sXMkh_JFJbk/sddefault.jpg,2014,364,65.53,B,,,,,raw,
aOqcm-aABF8,Ježeva molitva | učite s nama kroz priču (Sonja Tomić),2013-07-27,PT5M30S,1473,10,0,False,2515,https://i.ytimg.com/vi/aOqcm-aABF8/sddefault.jpg,2013,330,53.0,C,,,,,raw,
cX1TgmIcM1M,iZLET - Oo da sa krilima | OFFICIAL VIDEO,2013-01-26,PT3M14S,694,7,4,False,2059,https://i.ytimg.com/vi/cX1TgmIcM1M/sddefault.jpg,2013,194,65.53,B,,,,,raw,
etL9H3v1zjA,Pink Floyd - On the turning away (braća Kumerle cover),2012-12-11,PT5M29S,955,15,6,False,777,https://i.ytimg.com/vi/etL9H3v1zjA/sddefault.jpg,2012,329,69.9,A,,,,,raw,
YRZ9NpV6LMs,iZLET - Ljeto Ide Majko | OFFICIAL VIDEO,2012-09-12,PT2M59S,1731,16,4,False,1114,https://i.ytimg.com/vi/YRZ9NpV6LMs/sddefault.jpg,2012,179,66.98,B,,,,,raw,
1NBy512CpaM,iZLET - Roadrunner | OFFICIAL VIDEO,2012-07-11,PT2M28S,492,4,0,False,1211,https://i.ytimg.com/vi/1NBy512CpaM/sddefault.jpg,2012,148,48.48,C,,,,,raw,
_caCQpzyALk,iZLET - Princeza Tea | OFFICIAL VIDEO,2012-06-28,PT4M19S,1016,5,3,False,1113,https://i.ytimg.com/vi/_caCQpzyALk/sddefault.jpg,2012,259,61.71,C,,,,,raw,
3ti5apKeDEg,iZLET - Roadrunner | feat. Grgo Savić,2012-06-18,PT2M29S,168,3,1,False,2191,https://i.ytimg.com/vi/3ti5apKeDEg/maxresdefault.jpg,2012,149,53.05,C,,,,,raw,
9lDdkKGzAwI,iZLET - Ljeto Ide Majko | feat. Damir Dinjar,2012-06-18,PT2M38S,529,4,0,False,2404,https://i.ytimg.com/vi/9lDdkKGzAwI/maxresdefault.jpg,2012,158,48.48,C,,,,,raw,
FYYSZX601uw,iZLET feat. Ante Cash - Nemam Ni Jednog Prijatelja Policajca,2012-06-18,PT2M,538,10,4,False,2202,https://i.ytimg.com/vi/FYYSZX601uw/maxresdefault.jpg,2012,120,66.98,B,,,,,raw,
LPsDeZYTXxs,iZLET - Ludi Gadovi | feat. Grgo Savić & Nikša Eršek,2012-06-18,PT4M3S,384,3,0,False,1871,https://i.ytimg.com/vi/LPsDeZYTXxs/maxresdefault.jpg,2012,243,47.03,C,,,,,raw,
SP_Nka-LYwE,iZLET feat. 3 Gosta - Zetovac | Satirična Oda ZET Radniku,2012-06-18,PT3M3S,460,5,2,False,2483,https://i.ytimg.com/vi/SP_Nka-LYwE/maxresdefault.jpg,2012,183,59.21,C,,,,,raw,
cRsWjRp07u4,iZLET - Princeza Tea | feat. Dvorska Luda,2012-06-18,PT4M16S,287,4,3,False,2217,https://i.ytimg.com/vi/cRsWjRp07u4/maxresdefault.jpg,2012,256,60.53,C,,,,,raw,
j_oPnn2_iUI,iZLET - Možda Su U Šumi |  feat. Grgo Savić,2012-06-18,PT4M23S,1382,10,1,False,2458,https://i.ytimg.com/vi/j_oPnn2_iUI/maxresdefault.jpg,2012,263,59.02,C,,,,,raw,
RKxeAaIqHMI,iZLET - Vlak Live iz Tvornice 2012 | Otvaranje Albuma Leteći Majmuni 🚂,2012-06-18,PT1M45S,1603,11,5,False,1595,https://i.ytimg.com/vi/RKxeAaIqHMI/maxresdefault.jpg,2012,105,68.56,A,,,,,raw,
IURMl2MYTJQ,iZLET - Svemir Live 2008 | Nostalgični Koncert iz Starog Tavana 🎸,2012-06-09,PT3M1S,623,10,5,False,1752,https://i.ytimg.com/vi/IURMl2MYTJQ/maxresdefault.jpg,2012,181,68.56,A,,,,,raw,
WryChY9304U,iZLET - Zetovac | OFFICIAL VIDEO,2012-01-28,PT3M3S,1567,7,1,False,481,https://i.ytimg.com/vi/WryChY9304U/sddefault.jpg,2012,183,57.57,C,,,,,raw,
hhLKTaqshvE,iZLET - Spasi me | OFFICIAL VIDEO,2011-12-28,PT3M36S,470,6,2,False,421,https://i.ytimg.com/vi/hhLKTaqshvE/sddefault.jpg,2011,216,67.22,A,,,,,raw,
QQ6xhW2Z1J0,So Sweet - VISKI STRIP ft. Toni Kumerle | Zagreb Punk Rock Anthem,2011-02-20,PT2M26S,1077,9,0,False,1238,https://i.ytimg.com/vi/QQ6xhW2Z1J0/maxresdefault.jpg,2011,146,60.0,C,,,,,raw,
HMMNfD9h_Bo,Pernastica - Ljetna Rock Balada s Jadrana | iZLET Braća Kumerle (Official Video),2010-11-27,PT3M32S,3353,34,3,False,1797,https://i.ytimg.com/vi/HMMNfD9h_Bo/maxresdefault.jpg,2010,212,72.04,A,,,,,raw,
Ri0cJPe72uc,Ljeto u Maximiru - Zagrebačka Ljetna Rock Himna | iZLET Braća Kumerle (Official Video),2010-09-13,PT3M7S,1788,12,2,False,1660,https://i.ytimg.com/vi/Ri0cJPe72uc/maxresdefault.jpg,2010,187,69.54,A,,,,,raw,
hviyXdTsKLM,Žalo - Hrvatska Rock Balada o Moru i Slobodi | iZLET Braća Kumerle (Official Video),2010-09-02,PT2M28S,1525,10,3,False,1552,https://i.ytimg.com/vi/hviyXdTsKLM/maxresdefault.jpg,2010,148,72.04,A,,,,,raw,
Kh6tcDe0Zug,iZLET - Ti si čudesna | OFFICIAL VIDEO,2009-05-25,PT3M28S,5061,48,11,False,2062,https://i.ytimg.com/vi/Kh6tcDe0Zug/maxresdefault.jpg,2009,208,80,A,,,,,raw,
